time/total_timesteps,rollout/ep_rew_mean,train/entropy_loss
2048,-0.4190668999999999,
43008,-0.02575186,-0.5334553865715861
